,LocationCode,LocationDescription,CoordinateNB,CoordinateOL,A121,AWG1,"BSA (BSA1, BSA2)",BTA1,BTC1,D151 (D152),EPL1 (EPL2),F161,F31,GAN1,HAEW1,HKN,HKZA,J61 (J62),K131 (K132),K141,L91,LEG1 (LEG2),NC1,NLS1,P111 (P112),A122,EPL3,HAEW2,K133,BUBW,DWE1,E131,IJG1,MMND,MUN1,MUN2,OS11b,OS4b,SCB2,SCHB,SMN1,SMWG,SPY1,STM1
0,A121,A12 Platform ,55.416663,3.816671,"(0.0, 0.0)","(137.33341147467934, -214.05279127408872)","(-50.195852436288156, -413.2828540467502)","(-123.61916484760567, 624.7183391374786)","(-122.57766532774292, 631.5256925466597)","(-56.525318377977264, -122.31441930901478)","(-35.646521833710594, -380.1601092978688)","(12.82977603101557, -144.55273746836616)","(57.20916624641494, -63.0106066918183)","(-173.77316155098814, 196.63343884565813)","(-94.02879533944045, 193.91205421095935)","(31.1220906458259, -302.32710768940444)","(14.847869403742877, -344.3858103282217)","(-55.80151939187938, -177.9153296740197)","(-38.769521685545804, -244.59025397848342)","(-11.884372189204786, -239.0683139213145)","(74.22636311196916, -200.1502007906456)","(-9.670089855695618, -388.1723709321693)","(-154.5333429520819, 658.4435379989206)","(-163.79795150147692, 249.63561258005436)","(-31.140323945897457, -340.0333073145745)","(-0.6105034870187236, -1.7416461360329931)","(-36.21288228215936, -380.1602204927959)","(-94.02879533944045, 193.91205421095935)","(-39.185428626145736, -244.74703882505185)","(-55.711557372709485, -402.7083277177795)","(-53.8518862765851, -385.7511014044847)","(-5.332539455907649, -378.8925983290478)","(29.642581570928918, -325.42785369981107)","(12.396134176558327, -380.7495536040116)","(16.144314271343053, -317.36844541661355)","(17.100010686521028, -316.96703173142674)","(-22.230224794700323, -419.57993393755834)","(-8.109713332503743, -418.17998981110276)","(-33.43134208158035, -408.05791563864904)","(-32.62115122996007, -407.42855235384144)","(151.63833182731233, -202.57858679363608)","(143.38246801697574, -210.21879020338403)","(45.86197779274623, -328.35050115173726)","(76.05502687325166, -232.4277529021012)"
1,AWG1,AWG Platform,53.49164,5.94114,"(-137.33341147467934, 214.05279127408872)","(0.0, 0.0)","(-194.82503812841802, -199.23006277266143)","(-254.70276243664782, 838.7711304115672)","(-253.53095794710285, 845.5784838207484)","(-197.03883685723517, 91.73837196507394)","(-179.4629026494688, -166.10731802378007)","(-126.37195339645731, 69.50005380572254)","(-79.70184184355352, 151.0421845822704)","(-312.47678096193334, 410.6862301197469)","(-230.77541395671406, 407.96484548504804)","(-110.01605375279574, -88.27431641531572)","(-127.29015519094148, -130.33301905413296)","(-197.11718934932605, 36.13746160006903)","(-180.66838180443918, -30.537462704394684)","(-153.07623933416218, -25.01552264722578)","(-64.37053141186996, 13.902590483443102)","(-153.01386297968978, -174.1195796580806)","(-285.9494723472337, 872.4963292730095)","(-301.47972931512913, 463.6884038541431)","(-174.26615102918475, -125.98051604048575)","(-137.9849705852173, 212.31114513805574)","(-180.0421397591531, -166.10742921870715)","(-230.77541395671406, 407.96484548504804)","(-181.09626718257775, -30.69424755096312)","(-200.3118671548728, -188.6555364436908)","(-198.16348556985986, -171.69831013039595)","(-148.44111524905594, -164.8398070549591)","(-111.87447566410675, -111.37506242572235)","(-130.3368214756909, -166.6967623299229)","(-125.56255467527207, -103.31565414252483)","(-124.57893332707751, -102.91424045733802)","(-166.31934109388655, -205.52714266346962)","(-151.8593466806923, -204.12719853701407)","(-177.60519548600232, -194.00512436456032)","(-176.76747636664305, -193.3757610797527)","(14.817051479416255, 11.474204480452649)","(6.249702655093922, 3.83400107070469)","(-95.32677972723185, -114.29770987764856)","(-62.98952570478325, -18.37496162801247)"
2,"BSA (BSA1, BSA2)",Borssele Alpha platform,51.699921,3.056707,"(50.195852436288156, 413.2828540467502)","(194.82503812841802, 199.23006277266143)","(0.0, 0.0)","(-83.22234270191294, 1038.0011931842287)","(-82.1721240499704, 1044.8085465934098)","(-8.254451549748698, 290.9684347377354)","(14.99955204309376, 33.12274474888137)","(64.3759131863606, 268.73011657838396)","(110.37320274974704, 350.27224735493184)","(-132.99094617392052, 609.9162928924083)","(-49.394012455297215, 607.1949082577095)","(84.29229766619214, 110.9557463573457)","(67.51423395999315, 68.89704371852848)","(-7.17994353433263, 235.36752437273046)","(10.991573412966583, 168.69260006826676)","(39.04712148822901, 174.21454012543566)","(128.8214571574124, 213.13265325610453)","(42.15173772356589, 25.110483114580823)","(-115.97320820127905, 1071.7263920456708)","(-122.89453293182153, 662.9184666268045)","(19.483720606584427, 73.24954673217567)","(49.56625317182248, 411.54120791071716)","(14.408480501577646, 33.12263355395428)","(-49.394012455297215, 607.1949082577095)","(10.557974217765386, 168.5358152216983)","(-5.814354445321231, 10.574526328970615)","(-3.968818117012573, 27.531752642265474)","(46.629548435636586, 34.39025571770234)","(82.86331165152795, 87.85500034693908)","(65.14144851046416, 32.53330044273852)","(68.72945693959065, 95.91440863013659)","(69.72524057590955, 96.31582231532342)","(29.212908194917368, -6.297079890808201)","(43.938140525796655, -4.897135764352626)","(17.46350914777561, 5.224938408101101)","(18.305461964760557, 5.854301692908739)","(209.7243404517721, 210.70426725311407)","(201.1294019128029, 203.0640638433661)","(99.81119400306923, 84.93235289501287)","(130.88389337703188, 180.85510114464896)"
3,BTA1,Brent Alpha platform ,61.03489,1.70541,"(123.61916484760567, -624.7183391374786)","(254.70276243664782, -838.7711304115672)","(83.22234270191294, -1038.0011931842287)","(0.0, 0.0)","(0.8596785516554719, 6.807353409181125)","(73.00861972903846, -747.0327584464933)","(96.29288503149051, -1004.8784484353473)","(137.7994096501437, -769.2710766058448)","(177.72094615885447, -687.7289458292969)","(-40.26945496684487, -428.0849002918204)","(33.55868461240172, -430.8062849265192)","(157.3002199549342, -927.045446826883)","(142.80077245499433, -969.1041494657002)","(74.5097881536234, -802.6336688114982)","(91.35006164692471, -869.3085931159619)","(116.28341089524196, -863.786653058793)","(195.77285112578377, -824.8685399281242)","(120.62681552880251, -1012.8907100696479)","(-28.902461515965463, 33.72519886144213)","(-31.769182893356458, -375.0827265574242)","(99.88947062478601, -964.751646452053)","(123.08005892398853, -626.4599852735115)","(95.76500278108492, -1004.8785596302744)","(33.55868461240172, -430.8062849265192)","(90.96539467901592, -869.4653779625304)","(77.92352652804362, -1027.4266668552582)","(79.4069276648994, -1010.4694405419632)","(124.52803847597451, -1003.6109374665264)","(156.28632007969136, -950.1461928372896)","(141.08083007539847, -1005.4678927414902)","(143.58756696419792, -942.0867845540921)","(144.47140864927596, -941.6853708689052)","(109.39327435158462, -1044.2982730750368)","(122.53922760268937, -1042.8983289485814)","(98.77574871692372, -1032.7762547761276)","(99.5217122061817, -1032.14689149132)","(267.8115963638323, -827.2969259311146)","(260.2639537833863, -834.9371293408626)","(171.44054822934666, -953.0688402892158)","(198.00169512410415, -857.1460920395797)"
4,BTC1,Brent Charlie Platform,61.09611,1.72139,"(122.57766532774292, -631.5256925466597)","(253.53095794710285, -845.5784838207484)","(82.1721240499704, -1044.8085465934098)","(-0.8596785516554719, -6.807353409181125)","(0.0, 0.0)","(71.99764743350804, -753.8401118556744)","(95.23558027781618, -1011.6858018445284)","(136.7315532258768, -776.0784300150259)","(176.6269941542751, -694.536299238478)","(-41.14491716639209, -434.89225370100155)","(32.616971301971255, -437.61363833570033)","(156.20100531017457, -933.8528002360641)","(141.70935811045442, -975.9115028748813)","(73.49160630453547, -809.4410222206793)","(90.31084446878758, -876.115946525143)","(115.22413490998716, -870.5940064679742)","(194.65126685327354, -831.6758933373053)","(119.54905480952479, -1019.698063478829)","(-29.729945505147555, 26.917845452261005)","(-32.64561468364044, -381.8900799666053)","(98.83337936213015, -971.5589998612342)","(122.03885033978038, -633.2673386826926)","(94.70812443910107, -1011.6859130394555)","(32.616971301971255, -437.61363833570033)","(89.92647919669919, -876.2727313717115)","(76.87867997967705, -1034.2340202644393)","(78.36267408295, -1017.2767939511443)","(123.44805110528694, -1010.4182908757075)","(155.18574372544637, -956.9535462464708)","(139.9872885037844, -1012.2752461506713)","(142.49812392619873, -948.8941379632732)","(143.38128268859927, -948.4927242780864)","(108.32139656802633, -1051.105626484218)","(121.45694071365645, -1049.7056823577625)","(97.71357309119779, -1039.5836081853088)","(98.45900139806321, -1038.9542449005012)","(266.6298021710756, -834.1042793402958)","(259.0878339527776, -841.7444827500437)","(170.32734420851304, -959.876193698397)","(196.87538261602168, -863.9534454487608)"
5,D151 (D152),D15 Platform ,54.316663,2.933333,"(56.525318377977264, 122.31441930901478)","(197.03883685723517, -91.73837196507394)","(8.254451549748698, -290.9684347377354)","(-73.00861972903846, 747.0327584464933)","(-71.99764743350804, 753.8401118556744)","(0.0, 0.0)","(22.785588976286526, -257.845689988854)","(70.43650252467424, -22.238318159351394)","(114.9165662384161, 59.30381261719648)","(-120.98738890768342, 318.94785815467293)","(-40.0809072411884, 316.22647351997415)","(89.94786744209765, -180.01268838038968)","(73.71789397494038, -222.07139101920689)","(1.0882418309311446, -55.60091036500491)","(18.770788542514055, -122.27583466946862)","(45.97958583972937, -116.75389461229972)","(133.00253995484152, -77.83578148163085)","(49.14994846132975, -265.8579516231545)","(-104.63455481933157, 780.7579573079355)","(-111.2286382229697, 371.9500318890691)","(27.099946000031455, -217.7188880055597)","(55.91732433715376, 120.57277317298178)","(22.21185234241741, -257.8458011837811)","(-40.0809072411884, 316.22647351997415)","(18.350329830212807, -122.43261951603706)","(2.6009085481059633, -280.39390840876473)","(4.378230992284908, -263.4366820954699)","(53.48657869110235, -256.578179020033)","(88.59040765515044, -203.1134343907963)","(71.45762410663923, -258.43513429499683)","(74.86511982034826, -195.0540261075988)","(75.8309236239218, -194.65261242241195)","(36.62141119049503, -297.2655146285436)","(50.91601050211617, -295.865570502088)","(25.203582762902084, -285.7434963296343)","(26.02035779014987, -285.11413304482664)","(211.4676710230735, -80.2641674846213)","(203.14622452654984, -87.90437089436925)","(105.04077732053732, -206.0360818427225)","(135.05129868489306, -110.11333359308641)"
6,EPL1 (EPL2),Europlatform ,51.997801,3.275075,"(35.646521833710594, 380.1601092978688)","(179.4629026494688, 166.10731802378007)","(-14.99955204309376, -33.12274474888137)","(-96.29288503149051, 1004.8784484353473)","(-95.23558027781618, 1011.6858018445284)","(-22.785588976286526, 257.845689988854)","(0.0, 0.0)","(49.56081903908534, 235.60737182950263)","(95.51920507755788, 317.1495026060505)","(-146.5755900746707, 576.7935481435269)","(-63.287256795439234, 574.0721635088281)","(69.17682784768105, 77.83300160846434)","(52.393206493505076, 35.77429896964711)","(-21.799670620964303, 202.2447796238491)","(-3.7910950419114533, 135.56985531938537)","(24.1776994462013, 141.09179537655427)","(113.7040262580425, 180.00990850722317)","(27.05039497219468, -8.01226163430054)","(-128.85939841604323, 1038.6036472967894)","(-136.4295329131728, 629.7957218779231)","(4.529223505521243, 40.12680198329431)","(35.01651617939019, 378.4184631618358)","(-0.5891137566928273, -0.00011119492708422385)","(-63.287256795439234, 574.0721635088281)","(-4.223462523299937, 135.41307047281694)","(-20.778864499440317, -22.54821841991075)","(-18.913942459330762, -5.590992106615891)","(31.52709238590172, 1.2675109688209762)","(67.71884373114872, 54.73225559805771)","(49.974934621480365, -0.589444306142841)","(53.64406976112247, 62.79166388125523)","(54.63711111213223, 63.19307756644205)","(14.10776566695221, -39.419824639689566)","(28.78659364578613, -38.01988051323399)","(2.414199275399571, -27.897806340780264)","(3.2543129369855626, -27.268443055972625)","(194.3275824556029, 177.5815225042327)","(185.75120305276212, 169.94131909448475)","(84.60584149961765, 51.80960814613151)","(115.71281207298846, 147.7323563957676)"
7,F161,F16 Platform,54.116669,4.01667,"(-12.82977603101557, 144.55273746836616)","(126.37195339645731, -69.50005380572254)","(-64.3759131863606, -268.73011657838396)","(-137.7994096501437, 769.2710766058448)","(-136.7315532258768, 776.0784300150259)","(-70.43650252467424, 22.238318159351394)","(-49.56081903908534, -235.60737182950263)","(0.0, 0.0)","(45.217513148387106, 81.54213077654786)","(-189.26591756379844, 341.1861763140243)","(-108.17335892798236, 338.4647916793255)","(18.34993467322757, -157.77437022103828)","(1.7616470358234726, -199.8330728598555)","(-69.77139123625344, -33.36259220565351)","(-52.5555511062711, -100.03751651011723)","(-25.239830440360514, -94.51557645294832)","(62.28930860663597, -55.597463322279445)","(-23.195763786618993, -243.61963346380315)","(-169.2448692902399, 802.9962754672869)","(-179.07044817076232, 394.18835004842055)","(-44.93245044112822, -195.4805698462083)","(-13.452765768216782, 142.81109133233318)","(-50.135892063178154, -235.60748302442968)","(-108.17335892798236, 338.4647916793255)","(-52.9782057786072, -100.19430135668567)","(-69.96276644273192, -258.15559024941336)","(-68.0532731507422, -241.1983639361185)","(-18.7787599213656, -234.33986086068163)","(16.81325650999595, -180.8751162314449)","(-0.7799544728935102, -236.19681613564546)","(3.117070325900844, -172.8157079482474)","(4.088201622493177, -172.41429426306055)","(-35.99084263987984, -275.0271964691922)","(-21.652601466620908, -273.6272523427366)","(-47.348083013377355, -263.5051781702829)","(-46.524661489521634, -262.8758148854752)","(140.92383240110726, -58.025849325269895)","(132.52351278771414, -65.66605273501786)","(33.279993733841835, -183.7977636833711)","(64.0950359581106, -87.87501543373502)"
8,F31,F3 Platform,54.849995,4.716658,"(-57.20916624641494, 63.0106066918183)","(79.70184184355352, -151.0421845822704)","(-110.37320274974704, -350.27224735493184)","(-177.72094615885447, 687.7289458292969)","(-176.6269941542751, 694.536299238478)","(-114.9165662384161, -59.30381261719648)","(-95.51920507755788, -317.1495026060505)","(-45.217513148387106, -81.54213077654786)","(0.0, 0.0)","(-230.9948833959078, 259.6440455374764)","(-150.677579915528, 256.92266090277764)","(-27.807087109568634, -239.31650099758613)","(-44.45895665935325, -281.37520363640334)","(-114.53940113281143, -114.90472298220138)","(-97.81068205094904, -181.5796472866651)","(-70.70569623737168, -176.0577072294962)","(16.248547092036702, -137.1395940988273)","(-69.41861022943897, -325.16176424035103)","(-208.66420960425947, 721.454144690739)","(-220.61118275450696, 312.64621927187267)","(-90.73072692743185, -277.0227006227562)","(-57.835262589258406, 61.26896055578531)","(-96.08937300322837, -317.1496138009776)","(-150.677579915528, 256.92266090277764)","(-98.23043748771299, -181.73643213323354)","(-115.85984132091568, -339.69772102596124)","(-113.88186082218306, -322.74049471266636)","(-64.99348065650848, -315.88199163722953)","(-29.44369955289052, -262.4172470079928)","(-47.15735707977517, -317.73894691219334)","(-42.98236690400866, -254.35783872479524)","(-42.01763112211305, -253.95642503960843)","(-82.26010601689025, -356.56932724574006)","(-68.03650054466866, -355.1693831192845)","(-93.46391927998474, -345.04730894683075)","(-92.64436719866636, -344.4179456620231)","(94.18068013461551, -139.56798010181777)","(85.81773792666591, -147.20818351156572)","(-13.132936715041335, -265.339894459919)","(17.881550462291695, -169.41714621028288)"
9,GAN1,Gannet platform,57.18503,1.0,"(173.77316155098814, -196.63343884565813)","(312.47678096193334, -410.6862301197469)","(132.99094617392052, -609.9162928924083)","(40.26945496684487, 428.0849002918204)","(41.14491716639209, 434.89225370100155)","(120.98738890768342, -318.94785815467293)","(146.5755900746707, -576.7935481435269)","(189.26591756379844, -341.1861763140243)","(230.9948833959078, -259.6440455374764)","(0.0, 0.0)","(77.94487357460511, -2.721384634698788)","(210.36215309891995, -498.9605465350626)","(195.2836921150415, -541.0192491738798)","(122.81196298070641, -374.5487685196778)","(140.81082367146178, -441.22369282414155)","(167.00381832349262, -435.7017527669726)","(250.45530088794723, -396.78363963630375)","(172.16330575885323, -584.8058097778274)","(9.440042958190633, 461.81009915326257)","(8.681205132254014, 53.00217373439621)","(150.1861116490503, -536.6667461602326)","(173.2120061138986, -198.37508498169112)","(146.02120005478298, -576.7936593384541)","(77.94487357460511, -2.721384634698788)","(140.40704605614553, -441.38047767071)","(127.38167479135163, -599.3417665634377)","(128.86588885209838, -582.3845402501428)","(176.22361291800186, -575.526037174706)","(209.38121142144632, -522.0612925454692)","(193.6148522229755, -577.3829924496698)","(196.0083120398413, -514.0018842622717)","(196.93550998876904, -513.6004705770848)","(160.4942187599236, -616.2133727832165)","(174.2903078667824, -614.813428656761)","(149.29920800015802, -604.6913544843072)","(150.07983741409473, -604.0619911994995)","(326.2327530963199, -399.2120256392942)","(318.3149803575838, -406.8522290490422)","(225.31396987188322, -524.9839399973954)","(252.90545328104662, -429.0611917477593)"
10,HAEW1,Haewene Brim,57.160556,2.293056,"(94.02879533944045, -193.91205421095935)","(230.77541395671406, -407.96484548504804)","(49.394012455297215, -607.1949082577095)","(-33.55868461240172, 430.8062849265192)","(-32.616971301971255, 437.61363833570033)","(40.0809072411884, -316.22647351997415)","(63.287256795439234, -574.0721635088281)","(108.17335892798236, -338.4647916793255)","(150.677579915528, -256.92266090277764)","(-77.94487357460511, 2.721384634698788)","(0.0, 0.0)","(127.81107496359797, -496.2391619003638)","(112.33963428184609, -538.297864539181)","(41.38793213183523, -371.82738388497904)","(58.77306013619043, -438.5023081894428)","(85.02531736512083, -432.98036813227384)","(168.86402373072923, -394.06225500160497)","(88.80892977758634, -582.0844251431287)","(-64.07228894982163, 464.53148378796135)","(-68.7575228492566, 55.723558369095)","(67.2685662926699, -533.9453615255338)","(93.45109645882302, -195.65370034699234)","(62.73269920660791, -574.0722747037552)","(0.0, 0.0)","(58.367704767397655, -438.6590930360112)","(43.880219448992946, -596.6203819287389)","(45.520795125674255, -579.663155615444)","(92.95585331232701, -572.8046525400072)","(126.61638237871314, -519.3399079107704)","(110.33522424171932, -574.6616078149709)","(113.31386181388416, -511.2804996275729)","(114.24504939134223, -510.8790859423861)","(76.84766427369313, -613.4919881485177)","(90.66072832990382, -612.0920440220622)","(65.75514957907605, -601.9699698496084)","(66.54179553169979, -601.3406065648007)","(244.6423431602467, -396.49064100459543)","(236.65106317678632, -404.13084441434336)","(142.52698270541194, -522.2625553626966)","(171.01501153529395, -426.33980711306054)"
11,HKN,Hollandse Kust Noord,52.69777,4.2935,"(-31.1220906458259, 302.32710768940444)","(110.01605375279574, 88.27431641531572)","(-84.29229766619214, -110.9557463573457)","(-157.3002199549342, 927.045446826883)","(-156.20100531017457, 933.8528002360641)","(-89.94786744209765, 180.01268838038968)","(-69.17682784768105, -77.83300160846434)","(-18.34993467322757, 157.77437022103828)","(27.807087109568634, 239.31650099758613)","(-210.36215309891995, 498.9605465350626)","(-127.81107496359797, 496.2391619003638)","(0.0, 0.0)","(-16.94457493677568, -42.05870263881723)","(-89.36823191728023, 124.41177801538475)","(-71.97972384237396, 57.73685371092103)","(-44.19595987385207, 63.258793768089944)","(44.88330682384483, 102.17690689875883)","(-42.39450009776752, -85.84526324276489)","(-189.30731047852683, 960.7706456883251)","(-199.90692958674023, 551.9627202694588)","(-64.40063383035856, -37.706199625170036)","(-31.759291959891428, 300.58546155337143)","(-69.76132587865906, -77.83311280339143)","(-127.81107496359797, 496.2391619003638)","(-72.40974104538493, 57.580068864352604)","(-89.95200447052268, -100.3812200283751)","(-87.98202170792078, -83.42399371508023)","(-37.887924533714425, -76.56549063964337)","(-1.6076072676048254, -23.10074601040663)","(-19.597625155219987, -78.42244591460718)","(-15.514748883583692, -15.041337727209113)","(-14.526761532427509, -14.639924042022297)","(-55.45596045109891, -117.25282624815391)","(-40.88165523557856, -115.85288212169833)","(-66.97759850983485, -105.7308079492446)","(-66.13962020788416, -105.10144466443697)","(124.83972337844303, 99.74852089576837)","(116.28005135349927, 92.10831748602041)","(15.125567361785938, -26.023393462332834)","(46.65141379113936, 69.89935478730325)"
12,HKZA,Hollandse Kust Zuid Alpha,52.319527,4.043129,"(-14.847869403742877, 344.3858103282217)","(127.29015519094148, 130.33301905413296)","(-67.51423395999315, -68.89704371852848)","(-142.80077245499433, 969.1041494657002)","(-141.70935811045442, 975.9115028748813)","(-73.71789397494038, 222.07139101920689)","(-52.393206493505076, -35.77429896964711)","(-1.7616470358234726, 199.8330728598555)","(44.45895665935325, 281.37520363640334)","(-195.2836921150415, 541.0192491738798)","(-112.33963428184609, 538.297864539181)","(16.94457493677568, 42.05870263881723)","(0.0, 0.0)","(-73.03479143668955, 166.470480654202)","(-55.44982772333808, 99.79555634973826)","(-27.55448412035951, 105.31749640690717)","(61.84768923512657, 144.23560953757604)","(-25.482390544041397, -43.786560603947656)","(-175.03672830243926, 1002.8293483271424)","(-184.88242698659016, 594.021422908276)","(-47.667727889242656, 4.352503013647189)","(-15.48485339233547, 342.64416419218867)","(-52.98020167742393, -35.7744101645742)","(-112.33963428184609, 538.297864539181)","(-55.88144242672349, 99.63877150316983)","(-73.2168642917735, -58.322517389557866)","(-71.26876161408644, -41.365291076263006)","(-20.97283737588284, -34.50678800082614)","(15.370057050082911, 18.9579566284106)","(-2.60114461970754, -36.36374327578996)","(1.3889202771958582, 27.017364911608116)","(2.3804729190137977, 27.41877859679493)","(-38.54426844253772, -75.19412360933669)","(-23.910538924020077, -73.7941794828811)","(-50.13519208356312, -63.672105310427376)","(-49.29476242116715, -63.042742025619745)","(142.1599264587875, 141.8072235345856)","(133.57528923908262, 134.16702012483765)","(32.18039404052466, 16.035309176484397)","(63.678739355805334, 111.95805742612048)"
13,J61 (J62),J6 Platform,53.816632,2.95001,"(55.80151939187938, 177.9153296740197)","(197.11718934932605, -36.13746160006903)","(7.17994353433263, -235.36752437273046)","(-74.5097881536234, 802.6336688114982)","(-73.49160630453547, 809.4410222206793)","(-1.0882418309311446, 55.60091036500491)","(21.799670620964303, -202.2447796238491)","(69.77139123625344, 33.36259220565351)","(114.53940113281143, 114.90472298220138)","(-122.81196298070641, 374.5487685196778)","(-41.38793213183523, 371.82738388497904)","(89.36823191728023, -124.41177801538475)","(73.03479143668955, -166.470480654202)","(0.0, 0.0)","(17.779786510321482, -66.67492430446372)","(45.151244090659084, -61.15298424729481)","(132.7017105333433, -22.23487111662593)","(48.31601649613185, -210.25704125814963)","(-106.3536208470488, 836.3588676729404)","(-112.99080875418092, 427.550942254074)","(26.14481659188613, -162.11797764055478)","(55.18945359626732, 176.1736835379867)","(21.222598078333473, -202.24489081877618)","(-41.38793213183523, 371.82738388497904)","(17.356806870276667, -66.83170915103216)","(1.4949582954578218, -224.79299804375984)","(3.2846139685784648, -207.83577173046498)","(52.67937771609144, -200.97726865502813)","(87.99810910443203, -147.51252402579138)","(70.75459243122891, -202.83422392999194)","(74.19381897788723, -139.45311574259387)","(75.16537257974463, -139.05170205740706)","(35.709998746427424, -241.66460426353865)","(50.087406543258844, -240.2646601370831)","(24.227819778065548, -230.14258596462935)","(25.049410613248224, -229.51322267982172)","(211.63598338069502, -24.663257119616382)","(203.26228908246952, -32.303460529364344)","(104.54435309964259, -150.43517147771757)","(134.75465738011752, -54.5124232280815)"
14,K131 (K132),K13 Alpha,53.21701,3.218932,"(38.769521685545804, 244.59025397848342)","(180.66838180443918, 30.537462704394684)","(-10.991573412966583, -168.69260006826676)","(-91.35006164692471, 869.3085931159619)","(-90.31084446878758, 876.115946525143)","(-18.770788542514055, 122.27583466946862)","(3.7910950419114533, -135.56985531938537)","(52.5555511062711, 100.03751651011723)","(97.81068205094904, 181.5796472866651)","(-140.81082367146178, 441.22369282414155)","(-58.77306013619043, 438.5023081894428)","(71.97972384237396, -57.73685371092103)","(55.44982772333808, -99.79555634973826)","(-17.779786510321482, 66.67492430446372)","(0.0, 0.0)","(27.57543043033759, 5.521940057168907)","(115.82404433468606, 44.44005318783779)","(30.475215834034206, -143.58211695368593)","(-123.3928397910777, 903.0337919774041)","(-130.82045338027552, 494.22586655853775)","(8.242348696154835, -95.44305333609107)","(38.14951735916637, 242.8486078424504)","(3.210036481128131, -135.56996651431245)","(-58.77306013619043, 438.5023081894428)","(-0.42626465111534945, -0.15678484656843328)","(-16.695911617839283, -158.11807373929614)","(-14.862287496281382, -141.16084742600128)","(34.88652533507438, -134.3023443505644)","(70.55444709274485, -80.83759972132766)","(53.08299970556973, -136.1592996255282)","(56.6697166592425, -72.77819143813015)","(57.64883582884936, -72.37677775294333)","(17.7225067341949, -174.98967995907495)","(32.20126389197394, -173.58973583261937)","(6.183282326692626, -163.46766166016565)","(7.011711246573416, -162.838298375358)","(195.31468201074702, 42.01166718484733)","(186.86522957649782, 34.37146377509938)","(87.21018789445579, -83.76024717325387)","(117.8257447402589, 12.162501076382215)"
15,K141,K14 Platform,53.26667,3.63333,"(11.884372189204786, 239.0683139213145)","(153.07623933416218, 25.01552264722578)","(-39.04712148822901, -174.21454012543566)","(-116.28341089524196, 863.786653058793)","(-115.22413490998716, 870.5940064679742)","(-45.97958583972937, 116.75389461229972)","(-24.1776994462013, -141.09179537655427)","(25.239830440360514, 94.51557645294832)","(70.70569623737168, 176.0577072294962)","(-167.00381832349262, 435.7017527669726)","(-85.02531736512083, 432.98036813227384)","(44.19595987385207, -63.258793768089944)","(27.55448412035951, -105.31749640690717)","(-45.151244090659084, 61.15298424729481)","(-27.57543043033759, -5.521940057168907)","(0.0, 0.0)","(88.30989735492078, 38.91811313066888)","(2.468289887247618, -149.10405701085483)","(-148.201670857058, 897.5118519202351)","(-156.86128252394934, 488.70392650136887)","(-19.613534413779348, -100.96499339325999)","(11.259631527794012, 237.3266677852815)","(-24.758428829162515, -141.09190657148136)","(-85.02531736512083, 432.98036813227384)","(-28.001902209387598, -5.678724903737341)","(-44.71788487839935, -163.64001379646504)","(-42.83657825195467, -146.6827874831702)","(6.903736737428955, -139.8242844077333)","(42.704997797723394, -86.35953977849657)","(25.08456235939953, -141.68123968269714)","(28.85141346054133, -78.30013149529906)","(29.83112757473512, -77.89871781011225)","(-10.36728532727235, -180.51162001624385)","(4.107323946475289, -179.11167588978827)","(-21.86696627240929, -168.98960171733455)","(-21.037199557694947, -168.3602384325269)","(167.74710608311915, 36.48972712767843)","(159.2805373204409, 28.849523717930467)","(59.34280627751707, -89.28218723042278)","(90.21712005042595, 6.640561019213308)"
16,L91,L9 Platform,53.616669,4.966667,"(-74.22636311196916, 200.1502007906456)","(64.37053141186996, -13.902590483443102)","(-128.8214571574124, -213.13265325610453)","(-195.77285112578377, 824.8685399281242)","(-194.65126685327354, 831.6758933373053)","(-133.00253995484152, 77.83578148163085)","(-113.7040262580425, -180.00990850722317)","(-62.28930860663597, 55.597463322279445)","(-16.248547092036702, 137.1395940988273)","(-250.45530088794723, 396.78363963630375)","(-168.86402373072923, 394.06225500160497)","(-44.88330682384483, -102.17690689875883)","(-61.84768923512657, -144.23560953757604)","(-132.7017105333433, 22.23487111662593)","(-115.82404433468606, -44.44005318783779)","(-88.30989735492078, -38.91811313066888)","(0.0, 0.0)","(-87.23896757822999, -188.0221701415237)","(-227.20529235210913, 858.5937387895663)","(-239.84289557673645, 449.78581337069994)","(-108.78524527097619, -139.88310652392886)","(-74.86492816672545, 198.40855465461263)","(-114.2824313161839, -180.01001970215026)","(-168.86402373072923, 394.06225500160497)","(-116.25023809375135, -44.59683803440622)","(-134.37147737872075, -202.5581269271339)","(-132.34016097291317, -185.60090061383906)","(-82.73530314032567, -178.7423975384022)","(-46.582534039325225, -125.27765290916545)","(-64.6444742774543, -180.599352813366)","(-60.30533983351177, -117.21824462596794)","(-59.32586227784677, -116.81683094078112)","(-100.31412799493687, -219.42973314691272)","(-85.8841658355774, -218.02978902045714)","(-111.66131020087208, -207.90771484800342)","(-110.82901850461928, -207.2783515631958)","(79.0871741312061, -2.428386002990454)","(70.58478198719513, -10.068589412738412)","(-30.039004117335242, -128.20030036109165)","(1.599244673689997, -32.27755211145557)"
17,LEG1 (LEG2),LE Goeree,51.925745,3.669874,"(9.670089855695618, 388.1723709321693)","(153.01386297968978, 174.1195796580806)","(-42.15173772356589, -25.110483114580823)","(-120.62681552880251, 1012.8907100696479)","(-119.54905480952479, 1019.698063478829)","(-49.14994846132975, 265.8579516231545)","(-27.05039497219468, 8.01226163430054)","(23.195763786618993, 243.61963346380315)","(69.41861022943897, 325.16176424035103)","(-172.16330575885323, 584.8058097778274)","(-88.80892977758634, 582.0844251431287)","(42.39450009776752, 85.84526324276489)","(25.482390544041397, 43.786560603947656)","(-48.31601649613185, 210.25704125814963)","(-30.475215834034206, 143.58211695368593)","(-2.468289887247618, 149.10405701085483)","(87.23896757822999, 188.0221701415237)","(0.0, 0.0)","(-153.12803406108918, 1046.61590893109)","(-161.86035993366588, 637.8079835122237)","(-22.408485781236664, 48.13906361759484)","(9.03470240096213, 386.43072479613636)","(-27.639983016879622, 8.012150439373455)","(-88.80892977758634, 582.0844251431287)","(-30.908367785412608, 143.4253321071175)","(-47.90705886455946, -14.53595678561021)","(-45.994709884821035, 2.421269527684649)","(4.505508049333896, 9.279772603121517)","(40.87218362836904, 62.744517232358255)","(22.9631449786559, 7.422817328157699)","(26.807989394035477, 70.80392551555578)","(27.802934215798356, 71.20533920074259)","(-13.038186537578332, -31.407563005389026)","(1.6561715279136142, -30.00761887893345)","(-24.70989769768482, -19.885544706479724)","(-23.867406001181465, -19.256181421672085)","(167.9225909352171, 185.59378413853327)","(159.31796699328407, 177.95358072878528)","(57.76490024613736, 59.82186978043205)","(89.16045589859391, 155.74461803006812)"
18,NC1,North Cormorant,61.338188,1.166099,"(154.5333429520819, -658.4435379989206)","(285.9494723472337, -872.4963292730095)","(115.97320820127905, -1071.7263920456708)","(28.902461515965463, -33.72519886144213)","(29.729945505147555, -26.917845452261005)","(104.63455481933157, -780.7579573079355)","(128.85939841604323, -1038.6036472967894)","(169.2448692902399, -802.9962754672869)","(208.66420960425947, -721.454144690739)","(-9.440042958190633, -461.81009915326257)","(64.07228894982163, -464.53148378796135)","(189.30731047852683, -960.7706456883251)","(175.03672830243926, -1002.8293483271424)","(106.3536208470488, -836.3588676729404)","(123.3928397910777, -903.0337919774041)","(148.201670857058, -897.5118519202351)","(227.20529235210913, -858.5937387895663)","(153.12803406108918, -1046.61590893109)","(0.0, 0.0)","(-1.1907387973845889, -408.8079254188663)","(132.28088285189688, -998.4768453134951)","(154.0036826039371, -660.1851841349537)","(128.33363068226578, -1038.6037584917165)","(64.07228894982163, -464.53148378796135)","(123.01038035466397, -903.1905768239725)","(110.65341375636702, -1061.1518657167003)","(112.06335062743389, -1044.1946394034053)","(156.97638324161463, -1037.3361363279685)","(188.3911744385176, -983.8713916987317)","(173.47035042415484, -1039.1930916029323)","(175.71116721514838, -975.8119834155342)","(176.5898073957233, -975.4105697303474)","(142.06510021084705, -1078.023471936479)","(155.1531485158949, -1076.6235278100235)","(131.44381320454426, -1066.5014536375697)","(132.18428969349043, -1065.8720903527621)","(298.95659134226713, -861.0221247925567)","(291.4718344893871, -868.6623282023047)","(203.49601311537114, -986.7940391506579)","(229.55745157687414, -890.8712909010219)"
19,NLS1,Nelson platform,57.66169,1.145,"(163.79795150147692, -249.63561258005436)","(301.47972931512913, -463.6884038541431)","(122.89453293182153, -662.9184666268045)","(31.769182893356458, 375.0827265574242)","(32.64561468364044, 381.8900799666053)","(111.2286382229697, -371.9500318890691)","(136.4295329131728, -629.7957218779231)","(179.07044817076232, -394.18835004842055)","(220.61118275450696, -312.64621927187267)","(-8.681205132254014, -53.00217373439621)","(68.7575228492566, -55.723558369095)","(199.90692958674023, -551.9627202694588)","(184.88242698659016, -594.021422908276)","(112.99080875418092, -427.550942254074)","(130.82045338027552, -494.22586655853775)","(156.86128252394934, -488.70392650136887)","(239.84289557673645, -449.78581337069994)","(161.86035993366588, -637.8079835122237)","(1.1907387973845889, 408.8079254188663)","(0.0, 0.0)","(140.05456227139794, -589.6689198946289)","(163.23878238438252, -251.37725871608734)","(135.87839149971515, -629.7958330728502)","(68.7575228492566, -55.723558369095)","(130.41895461436013, -494.3826514051062)","(117.32757086359914, -652.3439402978339)","(118.81852786572266, -635.386713984539)","(165.90491328234384, -628.5282109091022)","(198.9126024557187, -575.0634662798655)","(183.19264795103007, -630.385166184066)","(185.62559091678878, -567.0040579966679)","(186.54763720276725, -566.6026443114811)","(150.23199453948152, -669.2155465176127)","(163.94897530046856, -667.8156023911571)","(139.1123941605345, -657.6935282187034)","(139.8890289290171, -657.0641649338958)","(315.16102568485286, -452.2141993736904)","(307.2855263660408, -459.8544027834384)","(214.74875836734682, -577.9861137317916)","(242.25280069796997, -482.0633654821555)"
20,P111 (P112),P11 Platform,52.35867,3.3415,"(31.140323945897457, 340.0333073145745)","(174.26615102918475, 125.98051604048575)","(-19.483720606584427, -73.24954673217567)","(-99.88947062478601, 964.751646452053)","(-98.83337936213015, 971.5589998612342)","(-27.099946000031455, 217.7188880055597)","(-4.529223505521243, -40.12680198329431)","(44.93245044112822, 195.4805698462083)","(90.73072692743185, 277.0227006227562)","(-150.1861116490503, 536.6667461602326)","(-67.2685662926699, 533.9453615255338)","(64.40063383035856, 37.706199625170036)","(47.667727889242656, -4.352503013647189)","(-26.14481659188613, 162.11797764055478)","(-8.242348696154835, 95.44305333609107)","(19.613534413779348, 100.96499339325999)","(108.78524527097619, 139.88310652392886)","(22.408485781236664, -48.13906361759484)","(-132.28088285189688, 998.4768453134951)","(-140.05456227139794, 589.6689198946289)","(0.0, 0.0)","(30.51225046733851, 338.29166117854146)","(-5.11596000661549, -40.126913178221386)","(-67.2685662926699, 533.9453615255338)","(-8.673005481623415, 95.28626848952264)","(-25.23485941842321, -62.67502040320505)","(-23.369469282650744, -45.71779408991019)","(26.87119896636194, -38.85929101447333)","(62.939021275097794, 14.605453614763409)","(45.24379183486159, -40.716246289437144)","(48.92496787332085, 22.664861897960925)","(49.91413102338924, 23.066275583147743)","(9.503944584232626, -79.54662662298387)","(24.124526905725578, -78.1466824965283)","(-2.137486009840182, -68.02460832407456)","(-1.3004609330025927, -67.39524503926692)","(189.07301169384158, 137.4547205209384)","(180.52967594810838, 129.81451711119044)","(79.75608777792962, 11.682806162837206)","(110.77327646555659, 107.6055544124733)"
21,A122,A12 platform meetboei,55.401,3.807,"(0.6105034870187236, 1.7416461360329931)","(137.9849705852173, -212.31114513805574)","(-49.56625317182248, -411.54120791071716)","(-123.08005892398853, 626.4599852735115)","(-122.03885033978038, 633.2673386826926)","(-55.91732433715376, -120.57277317298178)","(-35.01651617939019, -378.4184631618358)","(13.452765768216782, -142.81109133233318)","(57.835262589258406, -61.26896055578531)","(-173.2120061138986, 198.37508498169112)","(-93.45109645882302, 195.65370034699234)","(31.759291959891428, -300.58546155337143)","(15.48485339233547, -342.64416419218867)","(-55.18945359626732, -176.1736835379867)","(-38.14951735916637, -242.8486078424504)","(-11.259631527794012, -237.3266677852815)","(74.86492816672545, -198.40855465461263)","(-9.03470240096213, -386.43072479613636)","(-154.0036826039371, 660.1851841349537)","(-163.23878238438252, 251.37725871608734)","(-30.51225046733851, -338.29166117854146)","(0.0, 0.0)","(-35.58298202810019, -378.41857435676286)","(-93.45109645882302, 195.65370034699234)","(-38.56549251763794, -243.00539268901883)","(-55.08371510053982, -400.96668158174657)","(-53.22487947709311, -384.0094552684517)","(-4.69697834821693, -377.1509521930148)","(30.28105991018785, -323.68620756377805)","(13.035121137847229, -379.0079074679786)","(16.779711646327016, -315.62679928058054)","(17.735560591954986, -315.22538559539373)","(-21.595017321164526, -417.8382878015254)","(-7.471990147343118, -416.4383436750698)","(-32.798999706011124, -406.3162695026161)","(-31.988702119608732, -405.6869062178084)","(152.29189456677477, -200.83694065760307)","(144.03493844578813, -208.47714406735105)","(46.50369738323925, -326.6088550157043)","(76.69608061869442, -230.6861067660682)"
22,EPL3,Europlatform - meetboei,51.9978,3.26647,"(36.21288228215936, 380.1602204927959)","(180.0421397591531, 166.10742921870715)","(-14.408480501577646, -33.12263355395428)","(-95.76500278108492, 1004.8785596302744)","(-94.70812443910107, 1011.6859130394555)","(-22.21185234241741, 257.8458011837811)","(0.5891137566928273, 0.00011119492708422385)","(50.135892063178154, 235.60748302442968)","(96.08937300322837, 317.1496138009776)","(-146.02120005478298, 576.7936593384541)","(-62.73269920660791, 574.0722747037552)","(69.76132587865906, 77.83311280339143)","(52.98020167742393, 35.7744101645742)","(-21.222598078333473, 202.24489081877618)","(-3.210036481128131, 135.56996651431245)","(24.758428829162515, 141.09190657148136)","(114.2824313161839, 180.01001970215026)","(27.639983016879622, -8.012150439373455)","(-128.33363068226578, 1038.6037584917165)","(-135.87839149971515, 629.7958330728502)","(5.11596000661549, 40.126913178221386)","(35.58298202810019, 378.41857435676286)","(0.0, 0.0)","(-62.73269920660791, 574.0722747037552)","(-3.642394613601205, 135.41318166774403)","(-20.188417670461202, -22.548107224983667)","(-18.324498139378463, -5.5908809116888065)","(32.116131490517446, 1.2676221637480605)","(68.30471420075993, 54.7323667929848)","(50.56408381433349, -0.5893331112157568)","(54.229461467083674, 62.79177507618232)","(55.222478985367346, 63.19318876136913)","(14.69920931316589, -39.41971344476248)","(29.377954814333556, -38.019769318306906)","(3.004962418857421, -27.897695145853177)","(3.8450389120846693, -27.268331861045542)","(194.90613369408334, 177.5816336991598)","(186.33021105214564, 169.94143028941184)","(85.19188566181339, 51.809719341058596)","(116.29314611278338, 147.73246759069468)"
23,HAEW2,Haewene Brim - meetboei,57.160556,2.293056,"(94.02879533944045, -193.91205421095935)","(230.77541395671406, -407.96484548504804)","(49.394012455297215, -607.1949082577095)","(-33.55868461240172, 430.8062849265192)","(-32.616971301971255, 437.61363833570033)","(40.0809072411884, -316.22647351997415)","(63.287256795439234, -574.0721635088281)","(108.17335892798236, -338.4647916793255)","(150.677579915528, -256.92266090277764)","(-77.94487357460511, 2.721384634698788)","(0.0, 0.0)","(127.81107496359797, -496.2391619003638)","(112.33963428184609, -538.297864539181)","(41.38793213183523, -371.82738388497904)","(58.77306013619043, -438.5023081894428)","(85.02531736512083, -432.98036813227384)","(168.86402373072923, -394.06225500160497)","(88.80892977758634, -582.0844251431287)","(-64.07228894982163, 464.53148378796135)","(-68.7575228492566, 55.723558369095)","(67.2685662926699, -533.9453615255338)","(93.45109645882302, -195.65370034699234)","(62.73269920660791, -574.0722747037552)","(0.0, 0.0)","(58.367704767397655, -438.6590930360112)","(43.880219448992946, -596.6203819287389)","(45.520795125674255, -579.663155615444)","(92.95585331232701, -572.8046525400072)","(126.61638237871314, -519.3399079107704)","(110.33522424171932, -574.6616078149709)","(113.31386181388416, -511.2804996275729)","(114.24504939134223, -510.8790859423861)","(76.84766427369313, -613.4919881485177)","(90.66072832990382, -612.0920440220622)","(65.75514957907605, -601.9699698496084)","(66.54179553169979, -601.3406065648007)","(244.6423431602467, -396.49064100459543)","(236.65106317678632, -404.13084441434336)","(142.52698270541194, -522.2625553626966)","(171.01501153529395, -426.33980711306054)"
24,K133,K13 Alpha - meetboei,53.2156,3.21253,"(39.185428626145736, 244.74703882505185)","(181.09626718257775, 30.69424755096312)","(-10.557974217765386, -168.5358152216983)","(-90.96539467901592, 869.4653779625304)","(-89.92647919669919, 876.2727313717115)","(-18.350329830212807, 122.43261951603706)","(4.223462523299937, -135.41307047281694)","(52.9782057786072, 100.19430135668567)","(98.23043748771299, 181.73643213323354)","(-140.40704605614553, 441.38047767071)","(-58.367704767397655, 438.6590930360112)","(72.40974104538493, -57.580068864352604)","(55.88144242672349, -99.63877150316983)","(-17.356806870276667, 66.83170915103216)","(0.42626465111534945, 0.15678484656843328)","(28.001902209387598, 5.678724903737341)","(116.25023809375135, 44.59683803440622)","(30.908367785412608, -143.4253321071175)","(-123.01038035466397, 903.1905768239725)","(-130.41895461436013, 494.3826514051062)","(8.673005481623415, -95.28626848952264)","(38.56549251763794, 243.00539268901883)","(3.642394613601205, -135.41318166774403)","(-58.367704767397655, 438.6590930360112)","(0.0, 0.0)","(-16.262872796753246, -157.9612888927277)","(-14.42997195668037, -141.00406257943283)","(35.3193372425808, -134.14555950399597)","(70.98546615219772, -80.68081487475924)","(53.51618676630521, -136.00251477895978)","(57.10015242775009, -72.62140659156171)","(58.07926969820565, -72.2199929063749)","(18.156844289914623, -174.83289511250652)","(32.63577116081276, -173.43295098605094)","(6.616925110662745, -163.31087681359722)","(7.445339428864779, -162.68151352878957)","(195.74230122656778, 42.16845203141577)","(187.29304751865826, 34.52824862166781)","(87.64160694190666, -83.60346232668543)","(118.25340802589899, 12.319285922950648)"
25,BUBW,Buitenbanken west,51.79502,2.97225,"(55.711557372709485, 402.7083277177795)","(200.3118671548728, 188.6555364436908)","(5.814354445321231, -10.574526328970615)","(-77.92352652804362, 1027.4266668552582)","(-76.87867997967705, 1034.2340202644393)","(-2.6009085481059633, 280.39390840876473)","(20.778864499440317, 22.54821841991075)","(69.96276644273192, 258.15559024941336)","(115.85984132091568, 339.69772102596124)","(-127.38167479135163, 599.3417665634377)","(-43.880219448992946, 596.6203819287389)","(89.95200447052268, 100.3812200283751)","(73.2168642917735, 58.322517389557866)","(-1.4949582954578218, 224.79299804375984)","(16.695911617839283, 158.11807373929614)","(44.71788487839935, 163.64001379646504)","(134.37147737872075, 202.5581269271339)","(47.90705886455946, 14.53595678561021)","(-110.65341375636702, 1061.1518657167003)","(-117.32757086359914, 652.3439402978339)","(25.23485941842321, 62.67502040320505)","(55.08371510053982, 400.96668158174657)","(20.188417670461202, 22.548107224983667)","(-43.880219448992946, 596.6203819287389)","(16.262872796753246, 157.9612888927277)","(0.0, 0.0)","(1.8337784485048418, 16.95722631329486)","(52.374688903959076, 23.815729388731725)","(88.53833089702299, 77.28047401796846)","(70.86811912785853, 21.95877411376791)","(74.41475900329797, 85.33988230116599)","(75.40924100758559, 85.7412959863528)","(35.00022995725582, -16.871606219778815)","(49.70917886734514, -15.47166209332324)","(23.25646640513403, -5.349587920869513)","(24.09716709671643, -4.720224636061875)","(215.18784458402985, 200.12974092414348)","(206.60700413954683, 192.4895375143955)","(105.46989433327816, 74.35782656604226)","(136.4513218861005, 170.28057481567834)"
26,DWE1,Eurogeul DWE - meetboei,51.94752,2.99896,"(53.8518862765851, 385.7511014044847)","(198.16348556985986, 171.69831013039595)","(3.968818117012573, -27.531752642265474)","(-79.4069276648994, 1010.4694405419632)","(-78.36267408295, 1017.2767939511443)","(-4.378230992284908, 263.4366820954699)","(18.913942459330762, 5.590992106615891)","(68.0532731507422, 241.1983639361185)","(113.88186082218306, 322.74049471266636)","(-128.86588885209838, 582.3845402501428)","(-45.520795125674255, 579.663155615444)","(87.98202170792078, 83.42399371508023)","(71.26876161408644, 41.365291076263006)","(-3.2846139685784648, 207.83577173046498)","(14.862287496281382, 141.16084742600128)","(42.83657825195467, 146.6827874831702)","(132.34016097291317, 185.60090061383906)","(45.994709884821035, -2.421269527684649)","(-112.06335062743389, 1044.1946394034053)","(-118.81852786572266, 635.386713984539)","(23.369469282650744, 45.71779408991019)","(53.22487947709311, 384.0094552684517)","(18.324498139378463, 5.5908809116888065)","(-45.520795125674255, 579.663155615444)","(14.42997195668037, 141.00406257943283)","(-1.8337784485048418, -16.95722631329486)","(0.0, 0.0)","(50.45633434740644, 6.858503075436867)","(86.56708868425737, 60.323247704673605)","(68.91805299750283, 5.00154780047305)","(72.469029253801, 68.38265598787112)","(73.46187105440542, 68.78406967305794)","(33.104309150129566, -33.82883253307367)","(47.788679404475985, -32.4288884066181)","(21.382397194350172, -22.30681423416437)","(22.221788085488473, -21.677450949356736)","(213.01494313452494, 183.1725146108486)","(204.4481286290845, 175.53231120110064)","(103.46919526716675, 57.4006002527474)","(134.41163280747747, 153.32334850238348)"
27,E131,Eurogeul E13 - meetboei,52.0092,3.73564,"(5.332539455907649, 378.8925983290478)","(148.44111524905594, 164.8398070549591)","(-46.629548435636586, -34.39025571770234)","(-124.52803847597451, 1003.6109374665264)","(-123.44805110528694, 1010.4182908757075)","(-53.48657869110235, 256.578179020033)","(-31.52709238590172, -1.2675109688209762)","(18.7787599213656, 234.33986086068163)","(64.99348065650848, 315.88199163722953)","(-176.22361291800186, 575.526037174706)","(-92.95585331232701, 572.8046525400072)","(37.887924533714425, 76.56549063964337)","(20.97283737588284, 34.50678800082614)","(-52.67937771609144, 200.97726865502813)","(-34.88652533507438, 134.3023443505644)","(-6.903736737428955, 139.8242844077333)","(82.73530314032567, 178.7423975384022)","(-4.505508049333896, -9.279772603121517)","(-156.97638324161463, 1037.3361363279685)","(-165.90491328234384, 628.5282109091022)","(-26.87119896636194, 38.85929101447333)","(4.69697834821693, 377.1509521930148)","(-32.116131490517446, -1.2676221637480605)","(-92.95585331232701, 572.8046525400072)","(-35.3193372425808, 134.14555950399597)","(-52.374688903959076, -23.815729388731725)","(-50.45633434740644, -6.858503075436867)","(0.0, 0.0)","(36.35669739891748, 53.46474462923674)","(18.439613255670285, -1.8569552749638172)","(22.30934070088413, 61.52415291243425)","(23.303530168820284, 61.92556659762107)","(-17.54581537872774, -40.687335608510544)","(-2.8644217028273147, -39.287391482054964)","(-29.201484584910652, -29.16531730960124)","(-28.359487429024348, -28.5359540247936)","(163.34052523312107, 176.31401153541174)","(154.74084550932474, 168.67380812566378)","(53.23224407592354, 50.54209717731054)","(84.64065340297138, 146.46484542694662)"
28,IJG1,IJgeul 1 - meetboei,52.49002,4.2697,"(-29.642581570928918, 325.42785369981107)","(111.87447566410675, 111.37506242572235)","(-82.86331165152795, -87.85500034693908)","(-156.28632007969136, 950.1461928372896)","(-155.18574372544637, 956.9535462464708)","(-88.59040765515044, 203.1134343907963)","(-67.71884373114872, -54.73225559805771)","(-16.81325650999595, 180.8751162314449)","(29.44369955289052, 262.4172470079928)","(-209.38121142144632, 522.0612925454692)","(-126.61638237871314, 519.3399079107704)","(1.6076072676048254, 23.10074601040663)","(-15.370057050082911, -18.9579566284106)","(-87.99810910443203, 147.51252402579138)","(-70.55444709274485, 80.83759972132766)","(-42.704997797723394, 86.35953977849657)","(46.582534039325225, 125.27765290916545)","(-40.87218362836904, -62.744517232358255)","(-188.3911744385176, 983.8713916987317)","(-198.9126024557187, 575.0634662798655)","(-62.939021275097794, -14.605453614763409)","(-30.28105991018785, 323.68620756377805)","(-68.30471420075993, -54.7323667929848)","(-126.61638237871314, 519.3399079107704)","(-70.98546615219772, 80.68081487475924)","(-88.53833089702299, -77.28047401796846)","(-86.56708868425737, -60.323247704673605)","(-36.35669739891748, -53.46474462923674)","(0.0, 0.0)","(-18.023122916746463, -55.32169990420056)","(-13.941465215296226, 8.059408283197518)","(-12.951202583592726, 8.460821968384332)","(-53.95846287330956, -94.15208023774728)","(-39.35040490689061, -92.7521361112917)","(-65.50916278496825, -82.63006193883798)","(-64.66934467069723, -82.00069865403034)","(126.73257002394702, 122.849266906175)","(118.1531253637509, 115.20906349642704)","(16.773281390389375, -2.9226474519262022)","(48.35967503416997, 93.00010079770988)"
29,MMND,Maasmond Maasvlakte Noord - meetboei,51.9925,4.005,"(-12.396134176558327, 380.7495536040116)","(130.3368214756909, 166.6967623299229)","(-65.14144851046416, -32.53330044273852)","(-141.08083007539847, 1005.4678927414902)","(-139.9872885037844, 1012.2752461506713)","(-71.45762410663923, 258.43513429499683)","(-49.974934621480365, 0.589444306142841)","(0.7799544728935102, 236.19681613564546)","(47.15735707977517, 317.73894691219334)","(-193.6148522229755, 577.3829924496698)","(-110.33522424171932, 574.6616078149709)","(19.597625155219987, 78.42244591460718)","(2.60114461970754, 36.36374327578996)","(-70.75459243122891, 202.83422392999194)","(-53.08299970556973, 136.1592996255282)","(-25.08456235939953, 141.68123968269714)","(64.6444742774543, 180.599352813366)","(-22.9631449786559, -7.422817328157699)","(-173.47035042415484, 1039.1930916029323)","(-183.19264795103007, 630.385166184066)","(-45.24379183486159, 40.716246289437144)","(-13.035121137847229, 379.0079074679786)","(-50.56408381433349, 0.5893331112157568)","(-110.33522424171932, 574.6616078149709)","(-53.51618676630521, 136.00251477895978)","(-70.86811912785853, -21.95877411376791)","(-68.91805299750283, -5.00154780047305)","(-18.439613255670285, 1.8569552749638172)","(18.023122916746463, 55.32169990420056)","(0.0, 0.0)","(3.9881090453941597, 63.38110818739807)","(4.983232511156794, 63.78252187258489)","(-36.06395304343031, -38.83038033354672)","(-21.377251358172458, -37.43043620709115)","(-47.70049607231531, -27.308362034637423)","(-46.857179367155815, -26.678998749829784)","(145.2606197697417, 178.17096681037555)","(136.6449513927067, 170.5307634006276)","(34.896410012945346, 52.399052452274354)","(66.4897255045031, 148.32180070191043)"
30,MUN1,IJgeul Munitiestort 1 - meetboei,52.5625,4.06362,"(-16.144314271343053, 317.36844541661355)","(125.56255467527207, 103.31565414252483)","(-68.72945693959065, -95.91440863013659)","(-143.58756696419792, 942.0867845540921)","(-142.49812392619873, 948.8941379632732)","(-74.86511982034826, 195.0540261075988)","(-53.64406976112247, -62.79166388125523)","(-3.117070325900844, 172.8157079482474)","(42.98236690400866, 254.35783872479524)","(-196.0083120398413, 514.0018842622717)","(-113.31386181388416, 511.2804996275729)","(15.514748883583692, 15.041337727209113)","(-1.3889202771958582, -27.017364911608116)","(-74.19381897788723, 139.45311574259387)","(-56.6697166592425, 72.77819143813015)","(-28.85141346054133, 78.30013149529906)","(60.30533983351177, 117.21824462596794)","(-26.807989394035477, -70.80392551555578)","(-175.71116721514838, 975.8119834155342)","(-185.62559091678878, 567.0040579966679)","(-48.92496787332085, -22.664861897960925)","(-16.779711646327016, 315.62679928058054)","(-54.229461467083674, -62.79177507618232)","(-113.31386181388416, 511.2804996275729)","(-57.10015242775009, 72.62140659156171)","(-74.41475900329797, -85.33988230116599)","(-72.469029253801, -68.38265598787112)","(-22.30934070088413, -61.52415291243425)","(13.941465215296226, -8.059408283197518)","(-3.9881090453941597, -63.38110818739807)","(0.0, 0.0)","(0.9888728771729405, 0.4014136851868151)","(-39.83920116818553, -102.2114885209448)","(-25.244980362295642, -100.81154439448922)","(-51.39678297183867, -90.6894702220355)","(-50.55853626214638, -90.06010693722786)","(140.3914880415752, 114.78985862297748)","(131.83036351583235, 107.14965521322952)","(30.705099594944414, -10.98205573512372)","(62.12756884140871, 84.94069251451236)"
31,MUN2,IJgeul Munitiestort 2 - meetboei,52.56611,4.07825,"(-17.100010686521028, 316.96703173142674)","(124.57893332707751, 102.91424045733802)","(-69.72524057590955, -96.31582231532342)","(-144.47140864927596, 941.6853708689052)","(-143.38128268859927, 948.4927242780864)","(-75.8309236239218, 194.65261242241195)","(-54.63711111213223, -63.19307756644205)","(-4.088201622493177, 172.41429426306055)","(42.01763112211305, 253.95642503960843)","(-196.93550998876904, 513.6004705770848)","(-114.24504939134223, 510.8790859423861)","(14.526761532427509, 14.639924042022297)","(-2.3804729190137977, -27.41877859679493)","(-75.16537257974463, 139.05170205740706)","(-57.64883582884936, 72.37677775294333)","(-29.83112757473512, 77.89871781011225)","(59.32586227784677, 116.81683094078112)","(-27.802934215798356, -71.20533920074259)","(-176.5898073957233, 975.4105697303474)","(-186.54763720276725, 566.6026443114811)","(-49.91413102338924, -23.066275583147743)","(-17.735560591954986, 315.22538559539373)","(-55.222478985367346, -63.19318876136913)","(-114.24504939134223, 510.8790859423861)","(-58.07926969820565, 72.2199929063749)","(-75.40924100758559, -85.7412959863528)","(-73.46187105440542, -68.78406967305794)","(-23.303530168820284, -61.92556659762107)","(12.951202583592726, -8.460821968384332)","(-4.983232511156794, -63.78252187258489)","(-0.9888728771729405, -0.4014136851868151)","(0.0, 0.0)","(-40.83679144822646, -102.61290220613161)","(-26.243020023458488, -101.21295807967604)","(-52.39274035886158, -91.0908839072223)","(-51.55446397550686, -90.46152062241467)","(139.4084058909652, 114.38844493779067)","(130.84686753469185, 106.74824152804271)","(29.713852542330006, -11.383469420310535)","(61.14473664386194, 84.53927882932555)"
32,OS11b,Oosterschelde 11 (b),51.64329,3.480331,"(22.230224794700323, 419.57993393755834)","(166.31934109388655, 205.52714266346962)","(-29.212908194917368, 6.297079890808201)","(-109.39327435158462, 1044.2982730750368)","(-108.32139656802633, 1051.105626484218)","(-36.62141119049503, 297.2655146285436)","(-14.10776566695221, 39.419824639689566)","(35.99084263987984, 275.0271964691922)","(82.26010601689025, 356.56932724574006)","(-160.4942187599236, 616.2133727832165)","(-76.84766427369313, 613.4919881485177)","(55.45596045109891, 117.25282624815391)","(38.54426844253772, 75.19412360933669)","(-35.709998746427424, 241.66460426353865)","(-17.7225067341949, 174.98967995907495)","(10.36728532727235, 180.51162001624385)","(100.31412799493687, 219.42973314691272)","(13.038186537578332, 31.407563005389026)","(-142.06510021084705, 1078.023471936479)","(-150.23199453948152, 669.2155465176127)","(-9.503944584232626, 79.54662662298387)","(21.595017321164526, 417.8382878015254)","(-14.69920931316589, 39.41971344476248)","(-76.84766427369313, 613.4919881485177)","(-18.156844289914623, 174.83289511250652)","(-35.00022995725582, 16.871606219778815)","(-33.104309150129566, 33.82883253307367)","(17.54581537872774, 40.687335608510544)","(53.95846287330956, 94.15208023774728)","(36.06395304343031, 38.83038033354672)","(39.83920116818553, 102.2114885209448)","(40.83679144822646, 102.61290220613161)","(0.0, 0.0)","(14.738500356901099, 1.399944126455575)","(-11.72330897746947, 11.522018298909302)","(-10.879001987057494, 12.15138158371694)","(181.26221853743704, 217.0013471439223)","(172.63911574281923, 209.36114373417433)","(70.90854917151132, 91.22943278582107)","(102.28271707542237, 187.15218103545715)"
33,OS4b,Oosterschelde 4 (b),51.65588,3.693954,"(8.109713332503743, 418.17998981110276)","(151.8593466806923, 204.12719853701407)","(-43.938140525796655, 4.897135764352626)","(-122.53922760268937, 1042.8983289485814)","(-121.45694071365645, 1049.7056823577625)","(-50.91601050211617, 295.865570502088)","(-28.78659364578613, 38.01988051323399)","(21.652601466620908, 273.6272523427366)","(68.03650054466866, 355.1693831192845)","(-174.2903078667824, 614.813428656761)","(-90.66072832990382, 612.0920440220622)","(40.88165523557856, 115.85288212169833)","(23.910538924020077, 73.7941794828811)","(-50.087406543258844, 240.2646601370831)","(-32.20126389197394, 173.58973583261937)","(-4.107323946475289, 179.11167588978827)","(85.8841658355774, 218.02978902045714)","(-1.6561715279136142, 30.00761887893345)","(-155.1531485158949, 1076.6235278100235)","(-163.94897530046856, 667.8156023911571)","(-24.124526905725578, 78.1466824965283)","(7.471990147343118, 416.4383436750698)","(-29.377954814333556, 38.019769318306906)","(-90.66072832990382, 612.0920440220622)","(-32.63577116081276, 173.43295098605094)","(-49.70917886734514, 15.47166209332324)","(-47.788679404475985, 32.4288884066181)","(2.8644217028273147, 39.287391482054964)","(39.35040490689061, 92.7521361112917)","(21.377251358172458, 37.43043620709115)","(25.244980362295642, 100.81154439448922)","(26.243020023458488, 101.21295807967604)","(-14.738500356901099, -1.399944126455575)","(0.0, 0.0)","(-26.44332773315037, 10.122074172453727)","(-25.598217243763433, 10.751437457261364)","(166.81702334887302, 215.6014030174667)","(158.18387539882679, 207.96119960771875)","(56.293809186697544, 89.8294886593655)","(87.8047702124563, 185.7522369090016)"
34,SCB2,Schouwenbank 2 - meetboei,51.74691,3.31024,"(33.43134208158035, 408.05791563864904)","(177.60519548600232, 194.00512436456032)","(-17.46350914777561, -5.224938408101101)","(-98.77574871692372, 1032.7762547761276)","(-97.71357309119779, 1039.5836081853088)","(-25.203582762902084, 285.7434963296343)","(-2.414199275399571, 27.897806340780264)","(47.348083013377355, 263.5051781702829)","(93.46391927998474, 345.04730894683075)","(-149.29920800015802, 604.6913544843072)","(-65.75514957907605, 601.9699698496084)","(66.97759850983485, 105.7308079492446)","(50.13519208356312, 63.672105310427376)","(-24.227819778065548, 230.14258596462935)","(-6.183282326692626, 163.46766166016565)","(21.86696627240929, 168.98960171733455)","(111.66131020087208, 207.90771484800342)","(24.70989769768482, 19.885544706479724)","(-131.44381320454426, 1066.5014536375697)","(-139.1123941605345, 657.6935282187034)","(2.137486009840182, 68.02460832407456)","(32.798999706011124, 406.3162695026161)","(-3.004962418857421, 27.897695145853177)","(-65.75514957907605, 601.9699698496084)","(-6.616925110662745, 163.31087681359722)","(-23.25646640513403, 5.349587920869513)","(-21.382397194350172, 22.30681423416437)","(29.201484584910652, 29.16531730960124)","(65.50916278496825, 82.63006193883798)","(47.70049607231531, 27.308362034637423)","(51.39678297183867, 90.6894702220355)","(52.39274035886158, 91.0908839072223)","(11.72330897746947, -11.522018298909302)","(26.44332773315037, -10.122074172453727)","(0.0, 0.0)","(0.8426077510806198, 0.629363284807637)","(192.5164762853008, 205.479328845013)","(183.91285203289928, 197.839125435265)","(82.44303974817234, 79.70741448691177)","(113.66626688556529, 175.63016273654785)"
35,SCHB,Schouwenbank - meetboei,51.75257,3.32248,"(32.62115122996007, 407.42855235384144)","(176.76747636664305, 193.3757610797527)","(-18.305461964760557, -5.854301692908739)","(-99.5217122061817, 1032.14689149132)","(-98.45900139806321, 1038.9542449005012)","(-26.02035779014987, 285.11413304482664)","(-3.2543129369855626, 27.268443055972625)","(46.524661489521634, 262.8758148854752)","(92.64436719866636, 344.4179456620231)","(-150.07983741409473, 604.0619911994995)","(-66.54179553169979, 601.3406065648007)","(66.13962020788416, 105.10144466443697)","(49.29476242116715, 63.042742025619745)","(-25.049410613248224, 229.51322267982172)","(-7.011711246573416, 162.838298375358)","(21.037199557694947, 168.3602384325269)","(110.82901850461928, 207.2783515631958)","(23.867406001181465, 19.256181421672085)","(-132.18428969349043, 1065.8720903527621)","(-139.8890289290171, 657.0641649338958)","(1.3004609330025927, 67.39524503926692)","(31.988702119608732, 405.6869062178084)","(-3.8450389120846693, 27.268331861045542)","(-66.54179553169979, 601.3406065648007)","(-7.445339428864779, 162.68151352878957)","(-24.09716709671643, 4.720224636061875)","(-22.221788085488473, 21.677450949356736)","(28.359487429024348, 28.5359540247936)","(64.66934467069723, 82.00069865403034)","(46.857179367155815, 26.678998749829784)","(50.55853626214638, 90.06010693722786)","(51.55446397550686, 90.46152062241467)","(10.879001987057494, -12.15138158371694)","(25.598217243763433, -10.751437457261364)","(-0.8426077510806198, -0.629363284807637)","(0.0, 0.0)","(191.67874416364603, 204.84996556020533)","(183.07504317500812, 197.20976215045738)","(81.6019025711441, 79.07805120210413)","(112.83114450219422, 175.00079945174022)"
36,SMN1,Schiermonnikoog Noord - meetboei,53.59483,6.16539,"(-151.63833182731233, 202.57858679363608)","(-14.817051479416255, -11.474204480452649)","(-209.7243404517721, -210.70426725311407)","(-267.8115963638323, 827.2969259311146)","(-266.6298021710756, 834.1042793402958)","(-211.4676710230735, 80.2641674846213)","(-194.3275824556029, -177.5815225042327)","(-140.92383240110726, 58.025849325269895)","(-94.18068013461551, 139.56798010181777)","(-326.2327530963199, 399.2120256392942)","(-244.6423431602467, 396.49064100459543)","(-124.83972337844303, -99.74852089576837)","(-142.1599264587875, -141.8072235345856)","(-211.63598338069502, 24.663257119616382)","(-195.31468201074702, -42.01166718484733)","(-167.74710608311915, -36.48972712767843)","(-79.0871741312061, 2.428386002990454)","(-167.9225909352171, -185.59378413853327)","(-298.95659134226713, 861.0221247925567)","(-315.16102568485286, 452.2141993736904)","(-189.07301169384158, -137.4547205209384)","(-152.29189456677477, 200.83694065760307)","(-194.90613369408334, -177.5816336991598)","(-244.6423431602467, 396.49064100459543)","(-195.74230122656778, -42.16845203141577)","(-215.18784458402985, -200.12974092414348)","(-213.01494313452494, -183.1725146108486)","(-163.34052523312107, -176.31401153541174)","(-126.73257002394702, -122.849266906175)","(-145.2606197697417, -178.17096681037555)","(-140.3914880415752, -114.78985862297748)","(-139.4084058909652, -114.38844493779067)","(-181.26221853743704, -217.0013471439223)","(-166.81702334887302, -215.6014030174667)","(-192.5164762853008, -205.479328845013)","(-191.67874416364603, -204.84996556020533)","(0.0, 0.0)","(-8.568924123271248, -7.640203409747959)","(-110.20927308289059, -125.7719143581012)","(-77.75905650669607, -29.84916610846512)"
37,SMWG,Schiermonnikoog Westgat - meetboei,53.52612,6.03565,"(-143.38246801697574, 210.21879020338403)","(-6.249702655093922, -3.83400107070469)","(-201.1294019128029, -203.0640638433661)","(-260.2639537833863, 834.9371293408626)","(-259.0878339527776, 841.7444827500437)","(-203.14622452654984, 87.90437089436925)","(-185.75120305276212, -169.94131909448475)","(-132.52351278771414, 65.66605273501786)","(-85.81773792666591, 147.20818351156572)","(-318.3149803575838, 406.8522290490422)","(-236.65106317678632, 404.13084441434336)","(-116.28005135349927, -92.10831748602041)","(-133.57528923908262, -134.16702012483765)","(-203.26228908246952, 32.303460529364344)","(-186.86522957649782, -34.37146377509938)","(-159.2805373204409, -28.849523717930467)","(-70.58478198719513, 10.068589412738412)","(-159.31796699328407, -177.95358072878528)","(-291.4718344893871, 868.6623282023047)","(-307.2855263660408, 459.8544027834384)","(-180.52967594810838, -129.81451711119044)","(-144.03493844578813, 208.47714406735105)","(-186.33021105214564, -169.94143028941184)","(-236.65106317678632, 404.13084441434336)","(-187.29304751865826, -34.52824862166781)","(-206.60700413954683, -192.4895375143955)","(-204.4481286290845, -175.53231120110064)","(-154.74084550932474, -168.67380812566378)","(-118.1531253637509, -115.20906349642704)","(-136.6449513927067, -170.5307634006276)","(-131.83036351583235, -107.14965521322952)","(-130.84686753469185, -106.74824152804271)","(-172.63911574281923, -209.36114373417433)","(-158.18387539882679, -207.96119960771875)","(-183.91285203289928, -197.839125435265)","(-183.07504317500812, -197.20976215045738)","(8.568924123271248, 7.640203409747959)","(0.0, 0.0)","(-101.61397876113483, -118.13171094835324)","(-69.22587381048123, -22.208962698717162)"
38,SPY1,IJgeul stroommeetpaal,52.463736,4.517361,"(-45.86197779274623, 328.35050115173726)","(95.32677972723185, 114.29770987764856)","(-99.81119400306923, -84.93235289501287)","(-171.44054822934666, 953.0688402892158)","(-170.32734420851304, 959.876193698397)","(-105.04077732053732, 206.0360818427225)","(-84.60584149961765, -51.80960814613151)","(-33.279993733841835, 183.7977636833711)","(13.132936715041335, 265.339894459919)","(-225.31396987188322, 524.9839399973954)","(-142.52698270541194, 522.2625553626966)","(-15.125567361785938, 26.023393462332834)","(-32.18039404052466, -16.035309176484397)","(-104.54435309964259, 150.43517147771757)","(-87.21018789445579, 83.76024717325387)","(-59.34280627751707, 89.28218723042278)","(30.039004117335242, 128.20030036109165)","(-57.76490024613736, -59.82186978043205)","(-203.49601311537114, 986.7940391506579)","(-214.74875836734682, 577.9861137317916)","(-79.75608777792962, -11.682806162837206)","(-46.50369738323925, 326.6088550157043)","(-85.19188566181339, -51.809719341058596)","(-142.52698270541194, 522.2625553626966)","(-87.64160694190666, 83.60346232668543)","(-105.46989433327816, -74.35782656604226)","(-103.46919526716675, -57.4006002527474)","(-53.23224407592354, -50.54209717731054)","(-16.773281390389375, 2.9226474519262022)","(-34.896410012945346, -52.399052452274354)","(-30.705099594944414, 10.98205573512372)","(-29.713852542330006, 11.383469420310535)","(-70.90854917151132, -91.22943278582107)","(-56.293809186697544, -89.8294886593655)","(-82.44303974817234, -79.70741448691177)","(-81.6019025711441, -79.07805120210413)","(110.20927308289059, 125.7719143581012)","(101.61397876113483, 118.13171094835324)","(0.0, 0.0)","(31.76092057914009, 95.92274824963609)"
39,STM1,Stortemelk - meetboei,53.32639,4.99083,"(-76.05502687325166, 232.4277529021012)","(62.98952570478325, 18.37496162801247)","(-130.88389337703188, -180.85510114464896)","(-198.00169512410415, 857.1460920395797)","(-196.87538261602168, 863.9534454487608)","(-135.05129868489306, 110.11333359308641)","(-115.71281207298846, -147.7323563957676)","(-64.0950359581106, 87.87501543373502)","(-17.881550462291695, 169.41714621028288)","(-252.90545328104662, 429.0611917477593)","(-171.01501153529395, 426.33980711306054)","(-46.65141379113936, -69.89935478730325)","(-63.678739355805334, -111.95805742612048)","(-134.75465738011752, 54.5124232280815)","(-117.8257447402589, -12.162501076382215)","(-90.21712005042595, -6.640561019213308)","(-1.599244673689997, 32.27755211145557)","(-89.16045589859391, -155.74461803006812)","(-229.55745157687414, 890.8712909010219)","(-242.25280069796997, 482.0633654821555)","(-110.77327646555659, -107.6055544124733)","(-76.69608061869442, 230.6861067660682)","(-116.29314611278338, -147.73246759069468)","(-171.01501153529395, 426.33980711306054)","(-118.25340802589899, -12.319285922950648)","(-136.4513218861005, -170.28057481567834)","(-134.41163280747747, -153.32334850238348)","(-84.64065340297138, -146.46484542694662)","(-48.35967503416997, -93.00010079770988)","(-66.4897255045031, -148.32180070191043)","(-62.12756884140871, -84.94069251451236)","(-61.14473664386194, -84.53927882932555)","(-102.28271707542237, -187.15218103545715)","(-87.8047702124563, -185.7522369090016)","(-113.66626688556529, -175.63016273654785)","(-112.83114450219422, -175.00079945174022)","(77.75905650669607, 29.84916610846512)","(69.22587381048123, 22.208962698717162)","(-31.76092057914009, -95.92274824963609)","(0.0, 0.0)"
